{"cameraMode":{"drawMode":0,"name":"Shaded","section":"Shading Mode"},"sceneLighting":false,"audioPlay":false,"sceneViewState":{"m_AlwaysRefresh":false,"showFog":true,"showSkybox":false,"showFlares":true,"showImageEffects":true,"showParticleSystems":true,"showVisualEffectGraphs":true,"m_FxEnabled":true},"in2DMode":false,"pivot":{"x":-0.03998112678527832,"y":5.415586471557617,"z":0.4983696937561035},"rotation":{"x":0.33666694164276125,"y":-0.27789542078971865,"z":0.10469254106283188,"w":0.8935878872871399},"size":9.57214641571045,"orthographic":false}