{"cameraMode":{"drawMode":0,"name":"Shaded","section":"Shading Mode"},"sceneLighting":false,"audioPlay":false,"sceneViewState":{"m_AlwaysRefresh":false,"showFog":true,"showSkybox":false,"showFlares":true,"showImageEffects":true,"showParticleSystems":true,"showVisualEffectGraphs":true,"m_FxEnabled":true},"in2DMode":false,"pivot":{"x":0.10779547691345215,"y":5.903282165527344,"z":0.4718339443206787},"rotation":{"x":-0.44207829236984255,"y":-0.21370339393615724,"z":0.1093100905418396,"w":-0.8642679452896118},"size":10.649181365966797,"orthographic":false}