{"cameraMode":{"drawMode":0,"name":"Shaded","section":"Shading Mode"},"sceneLighting":true,"audioPlay":false,"sceneViewState":{"m_AlwaysRefresh":false,"showFog":true,"showSkybox":true,"showFlares":true,"showImageEffects":true,"showParticleSystems":true,"showVisualEffectGraphs":true,"m_FxEnabled":true},"in2DMode":false,"pivot":{"x":-0.6058053970336914,"y":13.695700645446778,"z":11.821691513061524},"rotation":{"x":0.012059569358825684,"y":-0.9801031351089478,"z":0.06211486831307411,"w":0.18865260481834413},"size":16.600906372070314,"orthographic":true}