{"cameraMode":{"drawMode":0,"name":"Shaded","section":"Shading Mode"},"sceneLighting":true,"audioPlay":false,"sceneViewState":{"m_AlwaysRefresh":false,"showFog":true,"showSkybox":true,"showFlares":true,"showImageEffects":true,"showParticleSystems":true,"showVisualEffectGraphs":true,"m_FxEnabled":true},"in2DMode":false,"pivot":{"x":-0.5111203193664551,"y":5.217094898223877,"z":1.0465939044952393},"rotation":{"x":-0.13825401663780213,"y":0.4696519076824188,"z":-0.07472733408212662,"w":-0.8687654137611389},"size":3.8494744300842287,"orthographic":true}