{"cameraMode":{"drawMode":0,"name":"Shaded","section":"Shading Mode"},"sceneLighting":true,"audioPlay":false,"sceneViewState":{"m_AlwaysRefresh":false,"showFog":true,"showSkybox":true,"showFlares":true,"showImageEffects":true,"showParticleSystems":true,"showVisualEffectGraphs":true,"m_FxEnabled":true},"in2DMode":false,"pivot":{"x":20.609416961669923,"y":4.203369617462158,"z":0.5928523540496826},"rotation":{"x":0.13990916311740876,"y":0.5195386409759522,"z":-0.08665613830089569,"w":0.8385406732559204},"size":11.649791717529297,"orthographic":true}