{"cameraMode":{"drawMode":0,"name":"Shaded","section":"Shading Mode"},"sceneLighting":false,"audioPlay":false,"sceneViewState":{"m_AlwaysRefresh":false,"showFog":true,"showSkybox":false,"showFlares":true,"showImageEffects":true,"showParticleSystems":true,"showVisualEffectGraphs":true,"m_FxEnabled":true},"in2DMode":false,"pivot":{"x":0.2021012306213379,"y":0.9650235176086426,"z":1.2649850845336915},"rotation":{"x":-0.28170153498649599,"y":-0.3706769347190857,"z":0.11906778812408447,"w":-0.8769696950912476},"size":3.2371203899383547,"orthographic":false}